<?xml version="1.0"?>

<!--
  ~ Copyright (c) 2008-2017, Hazelcast, Inc. All Rights Reserved.
  ~
  ~ Licensed under the Apache License, Version 2.0 (the "License");
  ~ you may not use this file except in compliance with the License.
  ~ You may obtain a copy of the License at
  ~
  ~ http://www.apache.org/licenses/LICENSE-2.0
  ~
  ~ Unless required by applicable law or agreed to in writing, software
  ~ distributed under the License is distributed on an "AS IS" BASIS,
  ~ WITHOUT WARRANTIES OR CONDITIONS OF ANY KIND, either express or implied.
  ~ See the License for the specific language governing permissions and
  ~ limitations under the License.
  -->

<!DOCTYPE suppressions PUBLIC
        "-//Puppy Crawl//DTD Suppressions 1.1//EN"
        "http://www.puppycrawl.com/dtds/suppressions_1_1.dtd">

<suppressions>

    <!-- Suppress strict duplicate code checking -->
    <suppress checks="StrictDuplicateCode" files="\.java" lines="1-15"/>

    <!-- Suppress checking of copyright notice -->
    <suppress checks="Header" files="com[\\/]hazelcast[\\/]buildutils[\\/]ElementParser"/>
    <suppress checks="Header" files="com[\\/]hazelcast[\\/]logging[\\/]Log4j2Factory"/>
    <suppress checks="Header" files="com[\\/]hazelcast[\\/]util[\\/]HashUtil"/>
    <suppress checks="Header" files="com[\\/]hazelcast[\\/]util[\\/]QuickMath"/>
    <suppress checks="Header" files="com[\\/]hazelcast[\\/]util[\\/]collection[\\/]"/>
    <suppress checks="Header" files="com[\\/]hazelcast[\\/]internal[\\/]util[\\/]concurrent[\\/]"/>
    <suppress checks="Header" files="com[\\/]hazelcast[\\/]internal[\\/]cluster[\\/]fd[\\/]PhiAccrualFailureDetector"/>

    <!-- Exclude implementation packages from JavaDoc checks -->
    <suppress checks="JavadocPackage" files="[\\/]impl[\\/]"/>
    <suppress checks="JavadocMethod" files="[\\/]impl[\\/]"/>
    <suppress checks="JavadocType" files="[\\/]impl[\\/]"/>
    <suppress checks="JavadocVariable" files="[\\/]impl[\\/]"/>

    <!-- Exclude internal packages from JavaDoc checks -->
    <suppress checks="Javadoc(Method|Type|Variable)" files="com[\\/]hazelcast[\\/]internal[\\/]"/>
    <suppress checks="Javadoc(Method|Type|Variable)" files="com[\\/]hazelcast[\\/]util[\\/]executor[\\/]"/>

    <!-- Concurrent queue composed of many parts for padding that avoids false sharing -->
    <suppress checks="OuterTypeNumber" files="AbstractConcurrentArrayQueue\.java"/>

    <!-- SerializerHook -->
    <suppress checks="MethodCount|MethodLength|ReturnCount|AnonInnerLength" files="SerializerHook\.java$"/>
    <suppress checks="CyclomaticComplexityCheck|ClassFanOutComplexityCheck|ClassDataAbstractionCoupling"
              files="SerializerHook\.java$"/>

    <!-- ConsoleApp -->
    <suppress checks="MethodCountCheck|FileLengthCheck|ClassFanOutComplexityCheck"
              files="com[\\/]hazelcast[\\/]console[\\/]ConsoleApp"/>
    <suppress checks="MethodCountCheck|FileLengthCheck" files="com[\\/]hazelcast[\\/]client[\\/]console[\\/]ClientConsoleApp"/>

    <!-- Cache -->
    <suppress checks="MethodCount" files="com[\\/]hazelcast[\\/]config[\\/]CacheConfig"/>
    <suppress checks="MethodCount" files="com[\\/]hazelcast[\\/]cache[\\/]ICache"/>
    <suppress checks="MethodCount" files="com[\\/]hazelcast[\\/]client[\\/]cache[\\/]impl[\\/]AbstractClientCacheProxy"/>
    <suppress checks="MethodCount" files="com[\\/]hazelcast[\\/]cache[\\/]impl[\\/]CacheRecordStore"/>
    <suppress checks="MethodCount" files="com[\\/]hazelcast[\\/]cache[\\/]impl[\\/]CacheService"/>
    <suppress checks="NPathComplexity" files="com[\\/]hazelcast[\\/]config[\\/]CacheConfig"/>
    <suppress checks="NPathComplexity" files="com[\\/]hazelcast[\\/]cache[\\/]HazelcastExpiryPolicy"/>
    <suppress checks="NPathComplexity" files="com[\\/]hazelcast[\\/]cache[\\/]impl[\\/]HazelcastServerCachingProvider"/>
    <suppress checks="NPathComplexity|CyclomaticComplexity" files="com[\\/]hazelcast[\\/]cache[\\/]impl[\\/]CacheEventDataImpl"/>
    <suppress checks="NPathComplexity"
              files="com[\\/]hazelcast[\\/]client[\\/]cache[\\/]impl[\\/]HazelcastClientCachingProvider"/>
    <suppress checks="NPathComplexity|CyclomaticComplexity" files="com[\\/]hazelcast[\\/]config[\\/]AbstractCacheConfig"/>
    <suppress checks="FileLengthCheck" files="com[\\/]hazelcast[\\/]cache[\\/]impl[\\/]AbstractCacheRecordStore"/>
    <suppress checks="MethodCount" files="com[\\/]hazelcast[\\/]cache[\\/]impl[\\/]AbstractCacheService"/>
    <suppress checks="MethodCount"
              files="com[\\/]hazelcast[\\/]cache[\\/]impl[\\/]nearcache[\\/]impl[\\/]store[\\/]AbstractNearCacheRecordStore"/>
    <suppress checks="MethodCount" files="com[\\/]hazelcast[\\/]cache[\\/]impl[\\/]AbstractHazelcastCacheManager"/>
    <suppress checks="ClassFanOutComplexityCheck" files="com[\\/]hazelcast[\\/]cache[\\/]impl[\\/]AbstractCacheService"/>
    <suppress checks="MethodCount" files="com[\\/]hazelcast[\\/]cache[\\/]impl[\\/]CacheStatisticsImpl"/>
    <suppress checks="ClassDataAbstractionCoupling" files="com[\\/]hazelcast[\\/]cache[\\/]impl[\\/]DefaultOperationProvider"/>

    <!-- Core -->
    <suppress checks="JavadocMethod" files="com[\\/]hazelcast[\\/]core[\\/]"/>
    <suppress checks="JavadocType" files="com[\\/]hazelcast[\\/]core[\\/]"/>
    <suppress checks="JavadocVariable" files="com[\\/]hazelcast[\\/]core[\\/]"/>
    <suppress checks="MethodCount" files="com[\\/]hazelcast[\\/]core[\\/]HazelcastInstance"/>
    <suppress checks="MethodCount|FileLengthCheck" files="com[\\/]hazelcast[\\/]core[\\/]IMap"/>

    <!-- Config -->
    <suppress checks="CyclomaticComplexity|ClassDataAbstractionCoupling"
              files="com[\\/]hazelcast[\\/]config[\\/]AbstractXmlConfigHelper"/>
    <suppress checks="ExecutableStatementCount" files="com[\\/]hazelcast[\\/]config[\\/]CacheConfig"/>
    <suppress checks="MethodCount" files="com[\\/]hazelcast[\\/]config[\\/]CacheSimpleConfig"/>
    <suppress checks="MethodCount|ClassDataAbstractionCoupling|ClassFanOutComplexity"
              files="com[\\/]hazelcast[\\/]config[\\/]Config"/>
    <suppress checks="FanOutComplexity" files="com[\\/]hazelcast[\\/]config[\\/]ConfigXmlGenerator"/>
    <!-- couldn't change structure because of API -->
    <suppress checks="MethodCount|CyclomaticComplexity|NPathComplexity|BooleanExpressionComplexity|ExecutableStatementCount"
              files="com[\\/]hazelcast[\\/]config[\\/]MapConfig"/>
    <suppress checks="MethodCount" files="com[\\/]hazelcast[\\/]config[\\/]SerializationConfig"/>
    <suppress checks="MethodCount|MethodLength|FileLengthCheck" files="com[\\/]hazelcast[\\/]config[\\/]XmlConfigBuilder"/>
    <suppress checks="CyclomaticComplexity|ClassFanOutComplexity|ClassDataAbstractionCoupling"
              files="com[\\/]hazelcast[\\/]config[\\/]XmlConfigBuilder"/>

    <!-- Concurrent -->
    <suppress checks="JavadocMethod" files="com[\\/]hazelcast[\\/]concurrent[\\/]"/>
    <suppress checks="JavadocType" files="com[\\/]hazelcast[\\/]concurrent[\\/]"/>
    <suppress checks="JavadocVariable" files="com[\\/]hazelcast[\\/]concurrent[\\/]"/>
    <suppress checks="MethodCount" files="com[\\/]hazelcast[\\/]concurrent[\\/]atomiclong[\\/]AtomicLongProxy"/>
    <suppress checks="MethodCount" files="com[\\/]hazelcast[\\/]concurrent[\\/]atomicreference[\\/]AtomicReferenceProxy"/>
    <suppress checks="MethodCount" files="com[\\/]hazelcast[\\/]concurrent[\\/]lock[\\/]LockResourceImpl"/>
    <suppress checks="MethodCount" files="com[\\/]hazelcast[\\/]concurrent[\\/]lock[\\/]LockStoreImpl"/>

    <!-- Memory -->
    <suppress checks="IllegalImport" files="com[\\/]hazelcast[\\/]internal[\\/]memory[\\/]impl[\\/]UnsafeUtil"/>

    <!-- OSGI -->
    <suppress checks="MethodCount" files="com[\\/]hazelcast[\\/]osgi[\\/]impl[\\/]HazelcastOSGiInstanceImpl"/>

    <!-- Client -->
    <suppress checks="MethodCount" files="com[\\/]hazelcast[\\/]client[\\/]cache[\\/]impl[\\/]ClientCacheProxy"/>
    <suppress checks="MethodCount" files="com[\\/]hazelcast[\\/]client[\\/]proxy[\\/]ClientAtomicReferenceProxy"/>
    <suppress checks="MethodCount" files="com[\\/]hazelcast[\\/]client[\\/]proxy[\\/]ClientQueueProxy"/>
    <suppress checks="MethodCount" files="com[\\/]hazelcast[\\/]client[\\/]proxy[\\/]ClientListProxy"/>
    <suppress checks="ParameterNumber" files="com[\\/]hazelcast[\\/]client[\\/]proxy[\\/]ClientMapReduceProxy"/>
    <suppress checks="MethodCount|ClassFanOutComplexity" files="com[\\/]hazelcast[\\/]client[\\/]proxy[\\/]ClientMultiMapProxy"/>
    <suppress checks="FileLengthCheck|MethodCount|ClassFanOutComplexity"
              files="com[\\/]hazelcast[\\/]client[\\/]proxy[\\/]ClientMapProxy"/>
    <suppress checks="MethodCount" files="com[\\/]hazelcast[\\/]client[\\/]proxy[\\/]ClientReplicatedMapProxy"/>
    <suppress checks="ClassFanOutComplexity" files="com[\\/]hazelcast[\\/]client[\\/]proxy[\\/]ClientReplicatedMapProxy"/>
    <suppress checks="MethodCount|ClassFanOutComplexity|ClassDataAbstractionCoupling|ExecutableStatementCount"
              files="com[\\/]hazelcast[\\/]client[\\/]impl[\\/]HazelcastClientInstance"/>
    <suppress checks="VisibilityModifier" files="com[\\/]hazelcast[\\/]client[\\/]impl[\\/]HazelcastClientProxy"/>
    <suppress checks="MethodCount|ClassDataAbstractionCoupling"
              files="com[\\/]hazelcast[\\/]client[\\/]proxy[\\/]ClientExecutorServiceProxy"/>
    <suppress checks="MethodCount" files="com[\\/]hazelcast[\\/]client[\\/]impl[\\/]HazelcastClientProxy"/>
    <suppress checks="CyclomaticComplexity|ClassDataAbstractionCoupling"
              files="com[\\/]hazelcast[\\/]client[\\/]impl[\\/]client[\\/]ClientPortableFactory"/>
    <suppress checks="MethodCount" files="com[\\/]hazelcast[\\/]client[\\/]config[\\/]ClientConfig"/>
    <suppress checks="MethodCount" files="com[\\/]hazelcast[\\/]client[\\/]connection[\\/]nio[\\/]ClientConnection"/>
    <suppress checks="MethodCount|ClassFanOutComplexity|ClassDataAbstractionCoupling" files="com[\\/]hazelcast[\\/]client[\\/]impl[\\/]ClientEngineImpl"/>
    <suppress checks="CyclomaticComplexity|ClassDataAbstractionCoupling"
              files="com[\\/]hazelcast[\\/]client[\\/]config[\\/]XmlClientConfigBuilder"/>
    <suppress checks="MethodCount" files="com[\\/]hazelcast[\\/]client[\\/]impl[\\/]MemberImpl"/>
    <suppress checks="ClassFanOutComplexity|AnonInnerLength"
              files="com[\\/]hazelcast[\\/]client[\\/]connection[\\/]nio[\\/]ClientConnectionManagerImpl"/>

    <!-- Client Protocol (auto-generated) -->
    <suppress checks="Header|MethodCount|Length|ClassDataAbstractionCoupling|ClassFanOutComplexity|Whitespace|MethodParamPad"
              files="com[\\/]hazelcast[\\/]client[\\/]impl[\\/]protocol[\\/]DefaultMessageTaskFactoryProvider"/>
    <suppress checks="ExecutableStatementCount|MethodCount|Length|ClassDataAbstractionCoupling|ClassFanOutComplexity"
              files="com[\\/]hazelcast[\\/]client[\\/]impl[\\/]protocol[\\/]ClientExceptionFactory.java"/>
    <suppress checks="MethodCount" files="com[\\/]hazelcast[\\/]client[\\/]impl[\\/]protocol[\\/]ClientMessage"/>
    <suppress checks="MethodCount" files="com[\\/]hazelcast[\\/]client[\\/]impl[\\/]protocol[\\/]util[\\/]MessageFlyweight"/>

    <!-- Monitor -->
    <suppress checks="JavadocMethod" files="com[\\/]hazelcast[\\/]monitor[\\/]"/>
    <suppress checks="JavadocType" files="com[\\/]hazelcast[\\/]monitor[\\/]"/>
    <suppress checks="CyclomaticComplexity|NPathComplexity"
              files="com[\\/]hazelcast[\\/]monitor[\\/]impl[\\/]LocalCacheStatsImpl"/>
    <suppress checks="MethodCount|MethodLength|CyclomaticComplexity|NPathComplexity"
              files="com[\\/]hazelcast[\\/]monitor[\\/]impl[\\/]LocalMapStatsImpl"/>
    <suppress checks="CyclomaticComplexity|NPathComplexity"
              files="com[\\/]hazelcast[\\/]monitor[\\/]impl[\\/]LocalQueueStatsImpl"/>
    <suppress checks="CyclomaticComplexity|NPathComplexity|MethodCount"
              files="com[\\/]hazelcast[\\/]monitor[\\/]impl[\\/]MemberStateImpl"/>
    <suppress checks="CyclomaticComplexity|NPathComplexity" files="com[\\/]hazelcast[\\/]monitor[\\/]TimedMemberState"/>

    <!-- Query -->
    <suppress checks="MethodLength|CyclomaticComplexity|NPathComplexity" files="com[\\/]hazelcast[\\/]query[\\/]SqlPredicate"/>
    <suppress checks="ClassDataAbstractionCoupling" files="com[\\/]hazelcast[\\/]query[\\/]impl[\\/]TypeConverters"/>
    <suppress checks="MethodLength|CyclomaticComplexity|NPathComplexity|ReturnCount"
              files="com[\\/]hazelcast[\\/]query[\\/]impl[\\/]getters[\\/]ReflectionHelper"/>
    <suppress checks="NPathComplexity" files="com[\\/]hazelcast[\\/]query[\\/]impl[\\/]predicates[\\/]BetweenVisitor"/>

    <!-- Instance -->
    <suppress checks="JavadocMethod" files="com[\\/]hazelcast[\\/]instance[\\/]"/>
    <suppress checks="JavadocType" files="com[\\/]hazelcast[\\/]instance[\\/]"/>
    <suppress checks="JavadocVariable" files="com[\\/]hazelcast[\\/]instance[\\/]"/>

    <!-- SPI -->
    <suppress checks="MethodCount|NPathComplexity|MagicNumber" files="com[\\/]hazelcast[\\/]spi[\\/]Operation"/>
    <suppress checks="MethodCount|ClassFanOutComplexity" files="com[\\/]hazelcast[\\/]spi[\\/]impl[\\/]NodeEngineImpl"/>
    <suppress checks="ReturnCount" files="com[\\/]hazelcast[\\/]spi[\\/]impl[\\/]SpiPortableHook"/>
    <!-- since these classes need to manage services, it is fine to have lots of dependencies in them -->
    <suppress checks="ClassDataAbstractionCoupling"
              files="com[\\/]hazelcast[\\/]spi[\\/]impl[\\/]servicemanager[\\/]impl[\\/]ServiceManager"/>
    <suppress checks="MethodCount|ClassFanOutComplexity|ClassDataAbstractionCoupling"
              files="com[\\/]hazelcast[\\/]spi[\\/]impl[\\/]operationservice[\\/]impl[\\/]OperationServiceImpl"/>
    <suppress checks="ClassDataAbstractionCoupling|MethodCount"
              files="com[\\/]hazelcast[\\/]spi[\\/]impl[\\/]eventservice[\\/]impl[\\/]EventServiceImpl"/>

    <!-- Transaction -->
    <suppress checks="JavadocMethod" files="com[\\/]hazelcast[\\/]transaction[\\/]"/>
    <suppress checks="JavadocType" files="com[\\/]hazelcast[\\/]transaction[\\/]"/>
    <suppress checks="MethodCount" files="com[\\/]hazelcast[\\/]transaction[\\/]impl[\\/]TransactionImpl"/>

    <!-- Security -->
    <suppress checks="JavadocMethod" files="com[\\/]hazelcast[\\/]security[\\/]"/>
    <suppress checks="JavadocType" files="com[\\/]hazelcast[\\/]security[\\/]"/>
    <suppress checks="JavadocVariable" files="com[\\/]hazelcast[\\/]security[\\/]"/>
    <suppress checks="ClassDataAbstractionCoupling" files="com[\\/]hazelcast[\\/]security[\\/]permission[\\/]ActionConstants"/>
    <suppress checks="BooleanExpressionComplexityCheck"
              files="com[\\/]hazelcast[\\/]security[\\/]permission[\\/]QueuePermission"/>
    <suppress checks="BooleanExpressionComplexityCheck"
              files="com[\\/]hazelcast[\\/]security[\\/]permission[\\/]RingBufferPermission"/>
    <suppress checks="BooleanExpressionComplexityCheck"
              files="com[\\/]hazelcast[\\/]security[\\/]permission[\\/]CachePermission"/>
    <suppress checks="BooleanExpressionComplexityCheck"
              files="com[\\/]hazelcast[\\/]security[\\/]permission[\\/]ReplicatedMapPermission"/>
    <suppress checks="BooleanExpressionComplexityCheck" files="com[\\/]hazelcast[\\/]security[\\/]permission[\\/]MapPermission"/>
    <suppress checks="BooleanExpressionComplexityCheck" files="com[\\/]hazelcast[\\/]security[\\/]permission[\\/]ListPermission"/>
    <suppress checks="NPathComplexity" files="com[\\/]hazelcast[\\/]security[\\/]permission[\\/]InstancePermission"/>

    <!-- Logging -->
    <suppress checks="JavadocMethod" files="com[\\/]hazelcast[\\/]logging[\\/]"/>
    <suppress checks="JavadocType" files="com[\\/]hazelcast[\\/]logging[\\/]"/>

    <!-- Partition -->
    <suppress checks="JavadocMethod" files="com[\\/]hazelcast[\\/]partition[\\/]"/>
    <suppress checks="JavadocType" files="com[\\/]hazelcast[\\/]partition[\\/]"/>
    <suppress checks="JavadocVariable" files="com[\\/]hazelcast[\\/]partition[\\/]"/>

    <!-- Topic -->
    <suppress checks="VisibilityModifier" files="com[\\/]hazelcast[\\/]topic[\\/]impl[\\/]TopicEvent"/>

    <!-- ASCII -->
    <suppress checks="MethodCount|ExecutableStatement|ClassDataAbstractionCoupling"
              files="com[\\/]hazelcast[\\/]internal[\\/]ascii[\\/]TextCommandServiceImpl"/>
    <suppress checks="ClassDataAbstractionCoupling" files="com[\\/]hazelcast[\\/]internal[\\/]ascii[\\/]TextCommandServiceImpl"/>
    <suppress checks="MagicNumber" files="com[\\/]hazelcast[\\/]internal[\\/]ascii[\\/]memcache[\\/]MemcacheCommandProcessor"/>
    <suppress checks="MethodCount" files="com[\\/]hazelcast[\\/]internal[\\/]ascii[\\/]memcache[\\/]Stats"/>

    <!-- Executor -->
    <suppress checks="ClassFanOutComplexity|MethodCount"
              files="com[\\/]hazelcast[\\/]executor[\\/]impl[\\/]ExecutorServiceProxy"/>

    <!-- Multimap -->
    <suppress checks="JavadocMethod" files="com[\\/]hazelcast[\\/]multimap[\\/]"/>
    <suppress checks="JavadocType" files="com[\\/]hazelcast[\\/]multimap[\\/]"/>
    <suppress checks="MethodCount|CyclomaticComplexity|ClassFanOutComplexity"
              files="com[\\/]hazelcast[\\/]multimap[\\/]impl[\\/]MultiMapService"/>

    <!-- ReplicatedMap -->
    <suppress checks="ClassDataAbstractionCoupling" files="com[\\/]hazelcast[\\/]client[\\/]proxy[\\/]ClientReplicatedMapProxy"/>
    <suppress checks="MethodCountCheck" files="com[\\/]hazelcast[\\/]monitor[\\/]impl[\\/]LocalReplicatedMapStatsImpl"/>
    <suppress checks="ClassFanOutComplexity" files="com[\\/]hazelcast[\\/]replicatedmap[\\/]impl[\\/]ReplicatedMapService"/>
    <suppress checks="MethodCountCheck"
              files="com[\\/]hazelcast[\\/]replicatedmap[\\/]impl[\\/]record[\\/]ReplicatedRecordStore"/>

    <!-- Aggregations -->
    <suppress checks="ClassDataAbstractionCoupling" files="com[\\/]hazelcast[\\/]mapreduce[\\/]aggregation[\\/]Aggregations"/>

    <!-- NIO -->
    <suppress checks="JavadocMethod" files="com[\\/]hazelcast[\\/]nio[\\/]"/>
    <suppress checks="JavadocType" files="com[\\/]hazelcast[\\/]nio[\\/]"/>
    <suppress checks="JavadocVariable" files="com[\\/]hazelcast[\\/]nio[\\/]"/>
    <suppress checks="MethodCount|MagicNumber" files="com[\\/]hazelcast[\\/]nio[\\/]Bits"/>
    <suppress checks="ExecutableStatementCount|ClassDataAbstractionCoupling|ClassFanOutComplexity"
              files="com[\\/]hazelcast[\\/]nio[\\/]tcp[\\/]TcpIpConnectionManager"/>
    <suppress checks="NPathComplexity" files="com[\\/]hazelcast[\\/]nio[\\/]tcp[\\/]spinning[\\/]SpinningSocketReader"/>
    <suppress checks="MethodCount|MagicNumber"
              files="com[\\/]hazelcast[\\/]internal[\\/]serialization[\\/]impl[\\/]ByteArrayObjectDataInput"/>
    <suppress checks="MethodCount|MagicNumber"
              files="com[\\/]hazelcast[\\/]internal[\\/]serialization[\\/]impl[\\/]ByteArrayObjectDataOutput"/>
    <suppress checks="MethodCount|MagicNumber"
              files="com[\\/]hazelcast[\\/]internal[\\/]serialization[\\/]impl[\\/]ByteBufferObjectDataInput"/>
    <suppress checks="MethodCount" files="com[\\/]hazelcast[\\/]internal[\\/]serialization[\\/]impl[\\/]ObjectDataInputStream"/>
    <suppress checks="MethodCount"
              files="com[\\/]hazelcast[\\/]internal[\\/]serialization[\\/]impl[\\/]ByteBufferObjectDataOutput"/>
    <suppress checks="MagicNumber" files="com[\\/]hazelcast[\\/]nio[\\/]CipherHelper"/>
    <suppress checks="MagicNumber|NPathComplexity" files="com[\\/]hazelcast[\\/]nio[\\/]ClassLoaderUtil"/>
    <suppress checks="MagicNumber" files="com[\\/]hazelcast[\\/]internal[\\/]serialization[\\/]impl[\\/]DefaultPortableReader"/>
    <suppress checks="MagicNumber" files="com[\\/]hazelcast[\\/]internal[\\/]serialization[\\/]impl[\\/]DefaultPortableWriter"/>
    <suppress checks="MethodCount|MagicNumber" files="com[\\/]hazelcast[\\/]nio[\\/]DynamicByteBuffer"/>
    <suppress checks="MethodCount" files="com[\\/]hazelcast[\\/]nio[\\/]IOService"/>
    <suppress checks="MagicNumber" files="com[\\/]hazelcast[\\/]nio[\\/]IOUtil"/>
    <suppress checks="MethodCount" files="com[\\/]hazelcast[\\/]nio[\\/]NodeIOService"/>
    <suppress checks="MethodCount" files="com[\\/]hazelcast[\\/]internal[\\/]serialization[\\/]impl[\\/]DefaultPortableReader"/>
    <suppress checks="MagicNumber|MethodCount|NPathComplexity" files="com[\\/]hazelcast[\\/]nio[\\/]Packet"/>
    <suppress checks="NPathComplexity" files="com[\\/]hazelcast[\\/]nio[\\/]tcp[\\/]nonblocking[\\/]NonBlockingSocketReader"/>
    <suppress checks="ClassFanOutComplexity|ClassDataAbstractionCoupling|MethodCount|ParameterNumber"
              files="com[\\/]hazelcast[\\/]internal[\\/]serialization[\\/]impl[\\/]AbstractSerializationService"/>
    <suppress checks="ClassFanOutComplexity|ClassDataAbstractionCoupling|MethodCount|ParameterNumber"
              files="com[\\/]hazelcast[\\/]internal[\\/]serialization[\\/]impl[\\/]SerializationServiceV1"/>
    <suppress checks="MethodCount" files="com[\\/]hazelcast[\\/]nio[\\/]tcp[\\/]TcpIpConnectionManager"/>
    <suppress checks="MagicNumber|ExecutableStatement|IllegalImport" files="com[\\/]hazelcast[\\/]nio[\\/]UnsafeHelper"/>
    <suppress checks="MagicNumber" files="com[\\/]hazelcast[\\/]internal[\\/]serialization[\\/]impl[\\/]UnsafeObjectDataInput"/>
    <suppress checks="MagicNumber" files="com[\\/]hazelcast[\\/]internal[\\/]serialization[\\/]impl[\\/]UnsafeObjectDataOutput"/>
    <suppress checks="IllegalType"
              files="com[\\/]hazelcast[\\/]internal[\\/]serialization[\\/]impl[\\/]ArrayListStreamSerializer"/>
    <suppress checks="IllegalType"
              files="com[\\/]hazelcast[\\/]internal[\\/]serialization[\\/]impl[\\/]LinkedListStreamSerializer"/>

    <!-- JMX -->
    <suppress checks="CyclomaticComplexity" files="com[\\/]hazelcast[\\/]internal[\\/]jmx[\\/]ManagementService"/>
    <!-- IMap interface has a lot of methods -->
    <suppress checks="MethodCount" files="com[\\/]hazelcast[\\/]internal[\\/]jmx[\\/]MapMBean"/>
    <suppress checks="MethodCount" files="com[\\/]hazelcast[\\/]internal[\\/]jmx[\\/]ReplicatedMapMBean"/>

    <!-- Spring -->
    <suppress checks="FileLengthCheck" files="com[\\/]hazelcast[\\/]spring[\\/]HazelcastConfigBeanDefinitionParser"/>

    <!-- Spring framework breaks the IllegalType check in its own implementation -->
    <suppress checks="IllegalType" files="com[\\/]hazelcast[\\/]spring[\\/].*DefinitionParser"/>
    <suppress checks="IllegalType" files="com[\\/]hazelcast[\\/]spring[\\/]hibernate[\\/].*DefinitionParser"/>

    <!-- Management -->
    <suppress checks="ClassDataAbstractionCoupling"
              files="com[\\/]hazelcast[\\/]internal[\\/]management[\\/]ManagementCenterService"/>
    <suppress checks="ClassFanOutComplexityCheck|CyclomaticComplexity|NPathComplexity"
              files="com[\\/]hazelcast[\\/]internal[\\/]management[\\/]TimedMemberStateFactory"/>
    <suppress checks="VisibilityModifier" files="com[\\/]hazelcast[\\/]internal[\\/]management[\\/]dto[\\/]\w*"/>

    <!-- Map -->
    <suppress checks="MethodCountCheck" files="com[\\/]hazelcast[\\/]map[\\/]impl[\\/]recordstore[\\/]RecordStore"/>
    <suppress checks="MethodCountCheck"
              files="com[\\/]hazelcast[\\/]map[\\/]impl[\\/]recordstore[\\/]AbstractEvictableRecordStore"/>
    <suppress checks="MethodCountCheck" files="com[\\/]hazelcast[\\/]map[\\/]impl[\\/]recordstore[\\/]DefaultRecordStore"/>
    <suppress checks="MethodCountCheck" files="com[\\/]hazelcast[\\/]map[\\/]impl[\\/]recordstore[\\/]AbstractRecordStore"/>
    <suppress checks="MethodCountCheck" files="com[\\/]hazelcast[\\/]map[\\/]impl[\\/]proxy[\\/]MapProxyImpl"/>
    <suppress checks="MethodCountCheck" files="com[\\/]hazelcast[\\/]map[\\/]impl[\\/]proxy[\\/]MapProxySupport"/>
    <suppress checks="MethodCountCheck" files="com[\\/]hazelcast[\\/]map[\\/]impl[\\/]operation[\\/]MapOperationProvider"/>
    <suppress checks="MethodCountCheck" files="com[\\/]hazelcast[\\/]map[\\/]impl[\\/]operation[\\/]DefaultMapOperationProvider"/>
    <suppress checks="MethodCountCheck" files="com[\\/]hazelcast[\\/]map[\\/]impl[\\/]MapContainer"/>
    <suppress checks="MethodCountCheck" files="com[\\/]hazelcast[\\/]map[\\/]impl[\\/]proxy[\\/]NearCachedMapProxyImpl"/>
    <suppress checks="MethodCountCheck" files="com[\\/]hazelcast[\\/]client[\\/]proxy[\\/]NearCachedClientMapProxy"/>
    <suppress checks="ClassFanOutComplexityCheck" files="com[\\/]hazelcast[\\/]map[\\/]impl[\\/]proxy[\\/]MapProxySupport"/>
    <suppress checks="ClassFanOutComplexityCheck" files="com[\\/]hazelcast[\\/]map[\\/]impl[\\/]MapServiceContextImpl"/>
    <suppress checks="ClassFanOutComplexityCheck"
              files="com[\\/]hazelcast[\\/]map[\\/]impl[\\/]operation[\\/]DefaultMapOperationProvider"/>
    <suppress checks="ClassDataAbstractionCoupling" files="com[\\/]hazelcast[\\/]map[\\/]impl[\\/]proxy[\\/]MapProxySupport"/>
    <suppress checks="ClassDataAbstractionCoupling"
              files="com[\\/]hazelcast[\\/]map[\\/]impl[\\/]operation[\\/]DefaultMapOperationProvider"/>
    <suppress checks="CyclomaticComplexity" files="com[\\/]hazelcast[\\/]map[\\/]impl[\\/]client[\\/]AbstractTxnMapRequest"/>
    <suppress checks="CyclomaticComplexity"
              files="com[\\/]hazelcast[\\/]map[\\/]impl[\\/]recordstore[\\/]LazyEntryViewFromRecord"/>
    <suppress checks="MethodCount|ClassDataAbstractionCoupling"
              files="com[\\/]hazelcast[\\/]map[\\/]impl[\\/]MapServiceContextImpl"/>
    <suppress checks="MethodCount" files="com[\\/]hazelcast[\\/]map[\\/]impl[\\/]MapServiceContext"/>
    <suppress checks="ClassDataAbstractionCoupling"
              files="com[\\/]hazelcast[\\/]map[\\/]impl[\\/]tx[\\/]TransactionalMapProxySupport"/>
    <suppress checks="NPathComplexity|CyclomaticComplexity"
              files="com[\\/]hazelcast[\\/]map[\\/]impl[\\/]querycache[\\/]event[\\/]DefaultQueryCacheEventData"/>
    <suppress checks="MethodCount" files="com[\\/]hazelcast[\\/]map[\\/]impl[\\/]query[\\/]MapQueryEngineImpl"/>
    <suppress checks="NPathComplexity|CyclomaticComplexity" files="com[\\/]hazelcast[\\/]map[\\/]impl[\\/]SimpleEntryView"/>

    <!-- Adopted public domain code with different style -->
    <suppress checks="MagicNumber|FileLength|DeclarationOrder|RedundantModifier|InnerAssignment|NPath|Cyclomatic"
              files="com[\\/]hazelcast[\\/]util[\\/]ConcurrentReferenceHashMap"/>

    <!-- Exclude Clover instrumented sources -->
    <suppress checks="" files="[\\/]src-instrumented[\\/]"/>

</suppressions>
