<?xml version="1.0" encoding="UTF-8"?>

<blueprint  default-activation="eager"
            xmlns="http://www.osgi.org/xmlns/blueprint/v1.0.0"
            xmlns:xsi="http://www.w3.org/2001/XMLSchema-instance">

    <bean id="parser" class="org.infinispan.configuration.parsing.Parser"/>
    <service ref="parser" interface="org.infinispan.configuration.parsing.ConfigurationParser"/>

    <bean id="defaultDistributedTaskLifecycle" class="org.infinispan.distexec.spi.DefaultDistributedTaskLifecycle"/>
    <service ref="defaultDistributedTaskLifecycle" interface="org.infinispan.distexec.spi.DistributedTaskLifecycle"/>

    <bean id="jdbcStoreConfigurationParser" class="org.infinispan.persistence.jdbc.configuration.JdbcStoreConfigurationParser"/>
    <service ref="jdbcStoreConfigurationParser" interface="org.infinispan.configuration.parsing.ConfigurationParser"/>

    <bean id="jpaStoreConfigurationParser" class="org.infinispan.persistence.jpa.configuration.JpaStoreConfigurationParser"/>
    <service ref="jpaStoreConfigurationParser" interface="org.infinispan.configuration.parsing.ConfigurationParser"/>
    <bean id="jpaStoreLifecycleManager" class="org.infinispan.persistence.jpa.impl.JpaStoreLifecycleManager"/>
    <service ref="jpaStoreLifecycleManager" interface="org.infinispan.lifecycle.ModuleLifecycle"/>

    <bean id="rocksDBStoreConfigurationParser" class="org.infinispan.persistence.rocksdb.configuration.RocksDBStoreConfigurationParser"/>
    <service ref="rocksDBStoreConfigurationParser" interface="org.infinispan.configuration.parsing.ConfigurationParser"/>

    <bean id="remoteStoreConfigurationParser" class="org.infinispan.persistence.remote.configuration.RemoteStoreConfigurationParser"/>
    <service ref="remoteStoreConfigurationParser" interface="org.infinispan.configuration.parsing.ConfigurationParser"/>

    <bean id="riverProviderDescriptor" class="org.jboss.marshalling.river.RiverProviderDescriptor"/>
    <service ref="riverProviderDescriptor" interface="org.jboss.marshalling.ProviderDescriptor"/>

    <bean id="serialProviderDescriptor" class="org.jboss.marshalling.serial.SerialProviderDescriptor"/>
    <service ref="serialProviderDescriptor" interface="org.jboss.marshalling.ProviderDescriptor"/>

</blueprint>
